{"loss":{"0":0.0013160188,"1":0.000198744,"2":0.0001535738,"3":0.0001196066,"4":0.0001152329,"5":0.0000907936,"6":0.0001038917,"7":0.0000777009,"8":0.0000597881,"9":0.0000676317,"10":0.0000539257,"11":0.0000572381,"12":0.000070361,"13":0.0000516953,"14":0.0000469493,"15":0.0000536637,"16":0.0000537087,"17":0.000047817,"18":0.0000477759,"19":0.0000434966,"20":0.0000416661,"21":0.0000441397,"22":0.0000348446,"23":0.0000365493,"24":0.0000425484,"25":0.0000377176,"26":0.0000324729,"27":0.0000340728,"28":0.000033024,"29":0.0000334024,"30":0.0000343037,"31":0.0000307478,"32":0.0000316918,"33":0.000033504,"34":0.0000283232,"35":0.0000373833,"36":0.0000282413,"37":0.000032391},"val_loss":{"0":0.0001609679,"1":0.0001214123,"2":0.0001019927,"3":0.0001072971,"4":0.0000951986,"5":0.000055414,"6":0.0000520413,"7":0.0000470525,"8":0.0000432348,"9":0.0000646599,"10":0.0000644023,"11":0.0000386123,"12":0.0000428158,"13":0.0000385511,"14":0.0000372088,"15":0.0000392762,"16":0.0000360837,"17":0.0000956158,"18":0.0000345428,"19":0.0000334697,"20":0.0000322202,"21":0.0000287795,"22":0.0000933082,"23":0.0000326169,"24":0.0000260739,"25":0.0000258965,"26":0.0000259746,"27":0.000024963,"28":0.0000247831,"29":0.0000244409,"30":0.000024411,"31":0.0000245378,"32":0.0000239283,"33":0.0000237963,"34":0.0000255693,"35":0.0000242834,"36":0.0000238774,"37":0.0000272566}}