{"loss":{"0":0.0023981547,"1":0.0002545803,"2":0.0002009377,"3":0.0001660339,"4":0.0001450573,"5":0.0001316014,"6":0.0001158797,"7":0.0001233177,"8":0.0001156013,"9":0.000118315,"10":0.0001044515,"11":0.0001117355,"12":0.0000962908,"13":0.0001441364,"14":0.0000770749,"15":0.0000815216,"16":0.0000829736,"17":0.00007518,"18":0.0000748663,"19":0.0001149609,"20":0.0000569187,"21":0.0000658295,"22":0.0000605932,"23":0.0000660355,"24":0.0000602418,"25":0.0000663879,"26":0.0000581415,"27":0.0000689637,"28":0.0000589581,"29":0.0000516521,"30":0.0000579904,"31":0.0000494335,"32":0.0000536424,"33":0.0000545232,"34":0.0000485184,"35":0.0000484746,"36":0.0000491255,"37":0.0000480854,"38":0.0000469246,"39":0.0000449389,"40":0.0000439065,"41":0.0000439199,"42":0.0000457657,"43":0.0000427811,"44":0.0000433501,"45":0.0000412518,"46":0.0000403654,"47":0.0000426387,"48":0.0000423197,"49":0.0000378785,"50":0.0000412738,"51":0.0000380623,"52":0.0000385541,"53":0.0000409139,"54":0.0000389599,"55":0.0000366947,"56":0.000036551,"57":0.0000372348},"val_loss":{"0":0.0003693746,"1":0.0002015754,"2":0.0001408967,"3":0.0001145752,"4":0.0001104528,"5":0.0000931456,"6":0.0000952436,"7":0.0000951322,"8":0.0000860247,"9":0.0000934637,"10":0.0000888298,"11":0.0001079583,"12":0.0001070385,"13":0.0000789781,"14":0.0000707023,"15":0.0000661168,"16":0.0002677324,"17":0.0000728668,"18":0.0000610319,"19":0.0000538826,"20":0.0000602608,"21":0.0000612396,"22":0.0000777944,"23":0.0000487522,"24":0.0000702612,"25":0.0000470571,"26":0.0000456102,"27":0.0002552372,"28":0.0000544257,"29":0.0000467263,"30":0.0000424977,"31":0.0001694267,"32":0.0000406919,"33":0.0000406494,"34":0.0000445284,"35":0.0000390422,"36":0.0000385523,"37":0.0000474293,"38":0.0000363094,"39":0.0000704757,"40":0.0000345431,"41":0.0000856123,"42":0.000035565,"43":0.0000670348,"44":0.0000330152,"45":0.0000475315,"46":0.000052045,"47":0.0000345947,"48":0.000031153,"49":0.0000344575,"50":0.0000864486,"51":0.0000317838,"52":0.0000297976,"53":0.000030033,"54":0.0000291682,"55":0.0000301757,"56":0.0000291889,"57":0.0000326026}}